ID,Name,SMILES,Category,A Mass,Monoisotropic mass,Density (D),Boiling Point (BP),LOGP,Polar surface area,Polarizability (Pol),Surface tension,Molar Volume (MV),Flash Point (FP),SO(G),SO3,SO4,SO5,SO6,ESO(G),MESO(G)
Comp_154,Gallic acid,C1=C(C=C(C(=C1O)O)O)C(=O)O,Polyphenol,170.2,170.021523,1.748406989,501,0.91,98,15.4,109.3,97.3,271,42.9615,141.728,133.9732,47.0456,21.0091,211.7241,0.004723
Comp_155,Morin,C1=CC(=C(C=C1O)O)C2=C(C(=O)C3=C(C=C(C=C3O2)O)O)O,Polyphenol,302.238,302.0426,1.799035714,645.5,1.61,127,29.1,114.9,168,249.3,87.5561,284.3445,270.334,75.3946,30.7006,445.6768,0.002244
Comp_156,Apigenin,C1=CC(=CC=C1C2=CC(=O)C3=C(C=C(C=C3O2)O)O)O,Polyphenol,270.24,270.052823,1.547766323,555.5,2.1,87,27.7,79.6,174.6,217.1,78.5431,254.1329,235.8079,69.6886,26.0975,391.3803,0.002555
Comp_157,Myricetin,C1=C(C=C(C(=C1O)O)O)C2=C(C(=O)C3=C(C=C(C=C3O2)O)O)O,Polyphenol,318.237,318.037567,1.912481971,747.6,2.11,148,29.8,133,166.4,285.9,92.1326,299.8946,288.0055,81.8899,34.0579,472.4681,0.002117
Comp_158,Kaempferol,C1=CC(=CC=C1C2=C(C(=O)C3=C(C=C(C=C3O2)O)O)O)O,Polyphenol,286.239,286.047738,1.688725664,582.1,2.05,107,28.3,98.9,169.5,226.1,82.9796,268.7944,252.6626,68.8993,27.3433,418.8856,0.002387
Comp_159,Avenanthramide-C,C1=CC(=C(C=C1/C=C/C(=O)NC2=C(C=C(C=C2)O)C(=O)O)O)O,Polyphenol,315.281,315.074287,1.582735944,702.3,3.14,127,33.3,91.9,199.2,378.5,83.4535,271.9044,247.5889,82.6792,32.812,402.5364,0.002484
Comp_160,Rosmarinic acid,C1=CC(=C(C=C1C[C@H](C(=O)O)OC(=O)/C=C/C2=CC(=C(C=C2)O)O)O)O,Polyphenol,360.318,360.084517,1.547757732,694.7,1.7,145,36.2,84.4,232.8,254.2,93.8269,306.1146,278.6436,96.4591,38.2807,451.241,0.002216
Comp_161,Oleocanthal,C/C=C(/C=O)\[C@@H](CC=O)CC(=O)OCCC1=CC=C(C=C1)O,Polyphenol,304.342,304.131074,1.165168453,500.1,2.76,81,32.3,46,261.2,180.7,71.0786,229.2528,195.0824,62.6625,20.7753,325.7525,0.00307
Comp_162,Epigallocatechin-3-gallate,C1[C@H]([C@H](OC2=CC(=CC(=C21)O)O)C3=CC(=C(C(=C3)O)O)O)OC(=O)C4=CC(=C(C(=C4)O)O)O,Polyphenol,458.375,458.084911,1.900393864,909.1,2.08,197,43,149.7,241.2,320,131.5442,427.8496,406.7263,124.0188,49.218,667.4442,0.001498
Comp_163,Curcumin,COC1=C(C=CC(=C1)/C=C/C(=O)CC(=O)/C=C/C2=CC(=C(C=C2)O)OC)O,Polyphenol,368.385,368.125988,1.30772098,593.2,2.85,96,41.8,57.8,281.7,209.7,94.6091,306.2627,271.301,90.6623,31.9523,448.6235,0.002229
Comp_164,Resveratrol,C1=CC(=CC=C1/C=C/C2=CC(=CC(=C2)O)O)O,Polyphenol,228.247,228.078644,1.359422275,449.1,3.14,61,27.5,70.7,167.9,222.3,61.2387,198.5969,175.725,63.1934,22.7402,288.2215,0.00347
Comp_165,Fisetin,C1=CC(=C(C=C1C2=C(C(=O)C3=C(O2)C=C(C=C3)O)O)O)O,Polyphenol,286.239,286.047738,1.688725664,599.4,2.52,107,28.3,98.9,169.5,233,82.9796,268.7944,252.6626,68.8993,27.3433,418.8856,0.002387
Comp_166,Quercetin,C1=CC(=C(C=C1C2=C(C(=O)C3=C(C=C(C=C3O2)O)O)O)O)O,Polyphenol,302.238,302.042653,1.799035714,642.4,2.08,127,29.1,114.9,168,248.1,87.5561,284.3445,270.334,75.3946,30.7006,445.6768,0.002244
Comp_167,Caffeic Acid,C1=CC(=C(C=C1/C=C/C(=O)O)O)O,Polyphenol,180.159,180.042259,1.477924528,416.8,1.42,78,18.8,77.8,121.9,220,44.1819,144.838,129.6849,47.8349,19.7633,206.8462,0.004835
Comp_168,Secoisolariciresinol,COC1=C(C=CC(=C1)C[C@@H](CO)[C@@H](CC2=CC(=C(C=C2)O)OC)CO)O,Polyphenol,362.422,362.172939,1.251457182,609.1,0.98,99,39.2,54.5,289.6,322.1,91.3424,294.415,261.9634,84.0762,26.8698,439.5701,0.002275
Comp_169,Butein,C1=CC(=C(C=C1/C=C/C(=O)C2=C(C=C(C=C2)O)O)O)O,Polyphenol,272.256,272.068473,1.483683924,560.9,2.66,98,29.6,81.2,183.5,307.1,73.0801,237.6942,216.5343,68.8993,27.3433,353.8318,0.002826
Comp_170,Esculetin,C1=CC(=O)OC2=CC(=C(C=C21)O)O,Polyphenol,178.143,178.026609,1.562657895,469.7,0.98,67,17.3,75.6,114,201.5,49.645,161.2767,148.9586,48.6242,18.5174,244.3948,0.004092
Comp_171,Thymol,CC1=CC(=C(C=C1)C(C)C)O,Polyphenol,150.221,150.104465,0.97419585,233,3.28,20,18.7,35,154.2,102.2,38.385,126.1779,116.3018,40.5503,17.6519,184.9329,0.005407
Comp_172,Juglone,C1=CC2=C(C(=O)C=CC2=O)C(=C1)O,Polyphenol,174.155,174.031694,1.439297521,385.8,1.86,54,17.8,66.7,121,201.3,49.3649,159.4995,147.325,34.055,14.2946,245.8229,0.004068
Comp_173,Coumestrol,C1=CC2=C(C=C1O)OC3=C2C(=O)OC4=C3C=CC(=C4)O,Polyphenol,268.224,268.037173,1.602293907,406,2.94,80,27.5,79.9,167.4,199.3,83.8661,269.683,254.2648,63.1934,22.7402,429.6429,0.002328
Comp_174,Ellagic Acid,C1=C2C3=C(C(=C1O)O)OC(=O)C4=CC(=C(C(=C43)OC2=O)O)O,Polyphenol,302.194,302.006267,2.066990424,796.5,0.52,134,26.9,140.4,146.2,310.1,94.4871,305.6703,299.3624,68.11,28.5892,500.131,0.001999
Comp_175,Luteolin,C1=CC(=C(C=C1C2=CC(=O)C3=C(C=C(C=C3O2)O)O)O)O,Polyphenol,286.239,286.047738,1.654560694,616.1,2.4,107,28.4,92.6,173,239.5,83.1196,269.683,253.4794,76.1839,29.4547,418.1716,0.002391
Comp_176,Scopoletin,COC1=C(C=C2C(=C1)C=CC(=O)O2)O,Polyphenol,192.17,192.042259,1.377562724,413.5,1.28,56,19.2,54.7,139.5,172.4,52.3243,169.1257,154.123,48.9734,17.0318,256.4816,0.003899
Comp_177,Ferulic Acid,COC1=C(C=CC(=C1)/C=C/C(=O)O)O,Polyphenol,194.186,194.057909,1.316515254,372.3,1.64,67,20.7,56.2,147.5,150.5,46.8613,152.6871,134.8494,48.1841,18.2777,218.9331,0.004568
Comp_178,Chrysin,C1=CC=C(C=C1)C2=CC(=O)C3=C(C=C(C=C3O2)O)O,Polyphenol,254.241,254.057909,1.443730835,491.9,2.88,67,26.9,68.2,176.1,192.5,73.8266,237.6942,217.3197,55.9088,20.6288,365.3031,0.002737
Comp_179,Baicalein,C1=CC=C(C=C1)C2=CC(=O)C3=C(O2)C=C(C(=C3O)O)O,Polyphenol,270.24,270.052823,1.547766323,575.9,3.31,87,27.7,79.6,174.6,225.3,78.2631,252.3558,234.1743,55.1195,21.8747,392.8084,0.002546
Comp_180,Galangin,C1=CC=C(C=C1)C2=C(C(=O)C3=C(C=C(C=C3O2)O)O)O,Polyphenol,270.24,270.052823,1.579427236,518.6,2.83,87,27.6,84.9,171.1,202,78.2631,252.3558,234.1743,55.1195,21.8747,392.8084,0.002546
Comp_181,Acacetin,COC1=CC=C(C=C1)C2=CC(=O)C3=C(C=C(C=C3O2)O)O,Polyphenol,284.267,284.068473,1.420624688,518.6,3.15,76,29.6,63.4,200.1,198.3,81.2225,261.982,240.9724,70.0379,24.6119,403.4672,0.002479
Comp_182,Hesperetin,COC1=C(C=C(C=C1)[C@@H]2CC(=O)C3=C(C=C(C=C3O2)O)O)O,Polyphenol,302.282,302.079038,1.458186204,586.2,2.9,96,30.5,67.5,207.3,223,85.799,277.5321,258.6438,76.5332,27.9692,430.2584,0.002324
Comp_183,Naringenin,C1[C@H](OC2=CC(=CC(=C2C1=O)O)O)C3=CC=C(C=C3)O,Polyphenol,272.256,272.068473,1.485302782,577.5,3.19,87,27.9,72.9,183.3,224.7,78.5431,254.1329,235.8079,69.6886,26.0975,391.3803,0.002555
Comp_184,Taxifolin,C1=CC(=C(C=C1[C@@H]2[C@H](C(=O)C3=C(C=C(C=C3O2)O)O)O)O)O,Polyphenol,304.254,304.058303,1.70259653,687.6,1.82,127,29.2,100.4,178.7,264.2,87.5561,284.3445,270.334,75.3946,30.7006,445.6768,0.002244
Comp_185,Genistein,C1=CC(=CC=C1C2=COC3=CC(=CC(=C3C2=O)O)O)O,Polyphenol,270.24,270.052823,1.547766323,555.5,2.96,87,27.7,79.6,174.6,217.1,78.4031,253.2443,234.9911,62.4041,23.9861,392.0944,0.00255
Comp_186,Daidzein,C1=CC(=CC=C1C2=COC3=C(C2=O)C=CC(=C3)O)O,Polyphenol,254.241,254.057909,1.443730835,512.8,2.78,67,26.9,68.2,176.1,201.2,73.8266,237.6942,217.3197,55.9088,20.6288,365.3031,0.002737
Comp_187,p-Coumaric Acid,C1=CC(=CC=C1/C=C/C(=O)O)O,Polyphenol,164.16,164.047344,1.329230769,346.1,1.88,58,18.1,62.4,123.5,177.3,39.6054,129.2879,112.0135,41.3396,16.406,180.055,0.005554
Comp_188,Sinapic Acid,COC1=CC(=CC(=C1O)OC)C=CC(=O)O,Polyphenol,224.212,224.068473,1.307358601,403.4,1.29,76,23.4,52,171.5,158.6,54.1171,176.0863,157.6853,55.0287,20.1494,257.8112,0.003879
Comp_189,Protocatechuic Acid,C1=CC(=C(C=C1C(=O)O)O)O,Polyphenol,154.121,154.026609,1.55992915,410.7,1.16,78,14.6,84.3,98.8,216.3,38.385,126.1779,116.3018,40.5503,17.6519,184.9329,0.005407
Comp_190,Syringic Acid,COC1=CC(=CC(=C1O)OC)C(=O)O,Polyphenol,198.174,198.052823,1.335404313,379.5,1.13,76,19.2,51.6,148.4,155,48.3202,157.4262,144.3021,47.7441,18.038,235.8978,0.004239
Comp_191,Vanillic Acid,COC1=C(C=CC(=C1)C(=O)O)O,Polyphenol,168.148,168.042259,1.351672026,353.4,1.33,67,16.5,56.5,124.4,149.4,41.0644,134.027,121.4662,40.8996,16.1663,197.0197,0.005076
Comp_192,Isoferulic Acid,COC1=C(C=C(C=C1)/C=C/C(=O)O)O,Polyphenol,194.186,194.057909,1.316515254,410.2,1.56,67,20.7,56.2,147.5,167.6,46.8613,152.6871,134.8494,48.1841,18.2777,218.9331,0.004568
Comp_193,Umbelliferone,C1=CC(=CC2=C1C=CC(=O)O2)O,Polyphenol,162.144,162.031694,1.403844156,382.1,1.58,47,16.5,59.5,115.5,181.2,45.0685,145.7266,131.2872,42.1289,15.1601,217.6035,0.004596
Comp_194,Piceatannol,C1=CC(=C(C=C1/C=C/C2=CC(=CC(=C2)O)O)O)O,Polyphenol,244.246,244.073559,1.467824519,507.3,2.69,81,28.2,82.9,166.4,252.2,65.8152,214.147,193.3964,69.6886,26.0975,315.0128,0.003174
Comp_195,Pterostilbene,COC1=CC(=CC(=C1)/C=C/C2=CC=C(C=C2)O)OC,Polyphenol,256.301,256.109944,1.16979005,420.4,4.13,39,31.3,45.9,219.1,208.1,66.5974,214.2951,186.0538,63.8919,19.7691,312.3952,0.003201
Comp_196,Epicatechin,C1[C@H]([C@H](OC2=CC(=CC(=C21)O)O)C3=CC(=C(C=C3)O)O)O,Polyphenol,290.271,290.079038,1.593144896,630.4,0.49,110,29.2,88.1,182.2,335,83.1196,269.683,253.4794,76.1839,29.4547,418.1716,0.002391
Comp_197,Epicatechin gallate,C1[C@H]([C@H](OC2=CC(=CC(=C21)O)O)C3=CC(=C(C=C3)O)O)OC(=O)C4=CC(=C(C(=C4)O)O)O,Polyphenol,442.376,442.089997,1.8100491,861.7,2.67,177,42.4,132,244.4,305,126.9677,412.2995,389.0548,117.5235,45.8607,640.653,0.001561
Comp_198,Eriodictyol,C1[C@H](OC2=CC(=CC(=C2C1=O)O)O)C3=CC(=C(C=C3)O)O,Polyphenol,288.255,288.063388,1.586433682,625.2,2.59,107,28.6,84.4,181.7,241.9,83.1196,269.683,253.4794,76.1839,29.4547,418.1716,0.002391
Comp_199,Rutin,C[C@H]1[C@@H]([C@H]([C@H]([C@@H](O1)OC[C@@H]2[C@H]([C@@H]([C@H]([C@@H](O2)OC3=C(OC4=CC(=CC(=C4C3=O)O)O)C5=CC(=C(C=C5)O)O)O)O)O)O)O)O,Polyphenol,610.521,610.153385,1.826813285,983.1,1.76,266 ,54.8,125.2,334.2,325.4,172.1437,558.9147,533.5681,143.5046,59.2898,880.754,0.001135
Comp_200,Chlorogenic Acid,C1[C@H]([C@H]([C@@H](C[C@@]1(C(=O)O)O)OC(=O)/C=C/C2=CC(=C(C=C2)O)O)O)O,Polyphenol,354.311,354.095082,1.651799534,665,-0.36,165,32.5,102,214.5,245.5,94.6436,311.6153,302.9867,110.057,51.246,477.0974,0.002096
